"id_usuario";"nombre";"email"
1;"Juan Pérez";"juan.perez@email.com"
2;"María López";"maria.lopez@email.com"
3;"Carlos Hernández";"carlos.hernandez@email.com"
4;"Ana Martínez";"ana.martinez@email.com"
5;"Luisa Fernández";"luisa.fernandez@email.com"
6;"Sergio Gómez";"sergio.gomez@email.com"
7;"Carmen Díaz";"carmen.diaz@email.com"
8;"Francisco Morales";"francisco.morales@email.com"
9;"Sofía Castillo";"sofia.castillo@email.com"
10;"Diego Álvarez";"diego.alvarez@email.com"
11;"Lucía Sánchez";"lucia.sanchez@email.com"
12;"Fernando Ramírez";"fernando.ramirez@email.com"
13;"Isabel Torres";"isabel.torres@email.com"
14;"Antonio Ruiz";"antonio.ruiz@email.com"
15;"Elena Gil";"elena.gil@email.com"
16;"Ricardo Romero";"ricardo.romero@email.com"
17;"Patricia Cruz";"patricia.cruz@email.com"
18;"Jorge Navarro";"jorge.navarro@email.com"
19;"Beatriz Jiménez";"beatriz.jimenez@email.com"
20;"Miguel Ángel Rey";"miguelangel.rey@email.com"
